,Site_ID,Name,State,City,ARP_Latitude,ARP_Longitude,NPIAS_Category
686,50385.*A,Juneau Intl,Alaska,Juneau,58.354711111111115,-134.57846944444444,Non-Hub
2145,00128.*A,Anniston Rgnl,Alabama,Anniston,33.588166666666666,-85.8581111111111,Reliever
2683,00146.*A,Auburn University Rgnl,Alabama,Auburn,32.61511111111111,-85.434,Reliever
3563,00164.*A,Birmingham-Shuttlesworth Intl,Alabama,Birmingham,33.56388888888888,-86.75230555555555,Small
9520,00438.*A,Mobile Rgnl,Alabama,Mobile,30.691416666666665,-88.24283333333334,Non-Hub
11343,00498.*A,Roanoke Muni Enloe,Alabama,Roanoke,33.12967777777778,-85.37221666666666,Reliever
16607,00987.*A,Fort Smith Rgnl,Arkansas,Fort Smith,35.33658333333334,-94.36744444444444,Non-Hub
17619,01132.*A,Kirk Fld,Arkansas,Paragould,36.063805555555554,-90.50919444444445,Reliever
20833,01165.*A,Searcy Muni,Arkansas,Searcy,35.21060833333333,-91.73753888888889,Reliever
21356,01176.*A,Springdale Muni,Arkansas,Springdale,36.17638888888889,-94.11925,Reliever
27934,00674.*A,Flagstaff Pulliam,Arizona,Flagstaff,35.14031666666666,-111.66924166666666,Non-Hub
32470,00751.4*A,Phoenix Deer Valley,Arizona,Phoenix,33.68830555555555,-112.08255555555556,Reliever
35598,00788.*A,Scottsdale,Arizona,Scottsdale,33.62288888888889,-111.91052777777779,Reliever
62996,01353.*A,Bob Hope,California,Burbank,34.200694444444444,-118.35866666666666,Medium
65281,01975.1*A,Bob Maxwell Meml Airfield,California,Oceanside,33.21797777777778,-117.35150833333333,Reliever
81097,01346.*A,Bryant Fld,California,Bridgeport,38.264652777777776,-119.22273055555556,Reliever
82159,01437.*A,Buchanan Fld,California,Concord,37.98965555555556,-122.05690277777778,Non-Hub
100368,01369.1*A,Camarillo,California,Camarillo,34.213750000000005,-119.09436111111111,Reliever
118799,01400.5*A,Chowchilla,California,Chowchilla,37.11327777777778,-120.247,Reliever
128755,01434.*A,Compton/Woodley,California,Compton,33.889916666666664,-118.24380555555555,Reliever
134531,01497.*A,Delano Muni,California,Delano,35.745555555555555,-119.2365,Reliever
157939,01590.*A,Fresno Chandler Exec,California,Fresno,36.732125,-119.82033333333332,Reliever
162433,01593.*A,Fullerton Muni,California,Fullerton,33.87201388888889,-117.97978333333333,Reliever
173117,02165.*A,Gillespie Fld,California,San Diego/El Cajon,32.82622222222223,-116.97244444444445,Reliever
184659,01641.*A,Hanford Muni,California,Hanford,36.316722222222225,-119.62766666666666,Reliever
192001,01651.*A,Hayward Exec,California,Hayward,37.65892777777778,-122.1217361111111,Reliever
196970,01654.*A,Hemet-Ryan,California,Hemet,33.734027777777776,-117.02230555555555,Reliever
214400,01647.*A,Jack Northrop Fld/Hawthorne Muni,California,Hawthorne,33.92286111111111,-118.33508333333333,Reliever
240180,01788.2*A,Lompoc,California,Lompoc,34.665619444444445,-120.46750277777778,Reliever
244424,01794.*A,Long Beach /Daugherty Fld/,California,Long Beach,33.817930555555556,-118.15189166666667,Small
249044,01818.*A,Los Angeles Intl,California,Los Angeles,33.94249722222222,-118.40804722222222,Large
255596,01853.*A,Madera Muni,California,Madera,36.9886,-120.11245,Reliever
263781,01376.1*A,Mc Clellan-Palomar,California,Carlsbad,33.12825,-117.28008333333334,Reliever
275464,01971.*A,Metro Oakland Intl,California,Oakland,37.721250000000005,-122.22113888888889,Medium
280776,01899.*A,Mojave Air And Space Port,California,Mojave,35.05894444444444,-118.15061111111112,Reliever
285297,02166.*A,Montgomery-Gibbs Exec,California,San Diego,32.81572222222222,-117.13955555555556,Reliever
287846,01560.*A,Murray Fld,California,Eureka,40.80338888888889,-124.11280555555555,Reliever
301680,02204.*A,Norman Y Mineta San Jose Intl,California,San Jose,37.362994444444446,-121.92861944444445,Medium
305111,02389.1*A,Nut Tree,California,Vacaville,38.37822222222222,-121.96119444444444,Reliever
311467,01986.*A,Ontario Intl,California,Ontario,34.056013888888884,-117.60118888888888,Medium
318233,02017.*A,Palm Springs Intl,California,Palm Springs,33.82966666666667,-116.50669444444445,Small
351861,02112.*A,Riverside Muni,California,Riverside,33.951888888888895,-117.44511111111112,Reliever
375443,02160.1*A,San Carlos,California,San Carlos,37.51186111111111,-122.24953055555555,Reliever
378200,02170.*A,San Diego Intl,California,San Diego,32.733555555555554,-117.18966666666667,Large
382671,01539.*A,San Gabriel Valley,California,El Monte,34.08600833333334,-118.03484444444445,Reliever
385935,02211.*A,San Luis County Rgnl,California,San Luis Obispo,35.23727777777778,-120.64261111111112,Non-Hub
425407,02341.*A,Tehachapi Muni,California,Tehachapi,35.134994444444445,-118.4393,Reliever
443034,02383.*A,Ukiah Muni,California,Ukiah,39.12594444444444,-123.20086111111111,Reliever
447053,02396.*A,Van Nuys,California,Van Nuys,34.20980555555556,-118.48997222222222,Reliever
451046,02413.*A,Visalia Muni,California,Visalia,36.31863888888889,-119.39286111111112,Reliever
462807,01818.1*A,Whiteman,California,Los Angeles,34.259325,-118.41343333333334,Reliever
467687,02461.*A,Willows-Glenn County,California,Willows,39.51575555555556,-122.217275,Reliever
477024,02356.1*A,Zamperini Fld,California,Torrance,33.80338333333333,-118.33960833333333,Reliever
478194,02517.*A,Aspen-Pitkin County/Sardy Fld,Colorado,Aspen,39.22188888888889,-106.86822222222222,Non-Hub
481381,02573.*A,Denver Intl,Colorado,Denver,39.861666666666665,-104.67316666666667,Large
482230,02588.*A,Eagle County Rgnl,Colorado,Eagle,39.64275,-106.91594444444445,Non-Hub
482430,02596.131*A,Erie Muni,Colorado,Erie,40.01025,-105.04808333333334,Reliever
483292,02623.*A,Granby-Grand County,Colorado,Granby,40.09005555555556,-105.9166388888889,Reliever
484414,02631.*A,Gunnison-Crested Butte Rgnl,Colorado,Gunnison,38.53433333333333,-106.93175000000001,Non-Hub
493451,02765.*A,Yuma Muni,Colorado,Yuma,40.10571111111111,-102.71443888888889,Reliever
493897,02802.*A,Danbury Muni,Connecticut,Danbury,41.37152777777778,-73.48219444444445,Reliever
494150,02827.*A,Hartford-Brainard,Connecticut,Hartford,41.73672222222223,-72.64944444444446,Reliever
495909,03474.*A,Albert Whitted,Florida,St Petersburg,27.765113888888887,-82.62697499999999,Reliever
497504,03531.*A,Arthur Dunn Air Park,Florida,Titusville,28.622552777777777,-80.83540833333333,Reliever
502501,03112.*A,Clearwater Air Park,Florida,Clearwater,27.977213888888887,-82.75905555555556,Reliever
504112,03135.*A,Crystal River-Capt Tom Davis Fld,Florida,Crystal River,28.867611111111113,-82.57411111111111,Reliever
507637,03408.*A,Exec,Florida,Orlando,28.545461111111113,-81.33293055555555,Reliever
509236,03423.3*A,Flagler Exec,Florida,Palm Coast,29.465149999999998,-81.20765,Reliever
514450,03251.*A,Jacksonville Exec At Craig,Florida,Jacksonville,30.336333333333332,-81.51444444444445,Reliever
514802,03250.1*A,Jacksonville Intl,Florida,Jacksonville,30.494044444444445,-81.68784722222223,Medium
516138,03263.*A,Key West Intl,Florida,Key West,24.556119444444445,-81.75995555555555,Non-Hub
525156,03379.*A,Naples Muni,Florida,Naples,26.152441666666665,-81.77563888888889,Reliever
531321,03198.*A,Page Fld,Florida,Fort Myers,26.58661111111111,-81.86325,Reliever
536993,03451.*A,Pompano Beach Airpark,Florida,Pompano Beach,26.247400000000003,-80.11120833333332,Reliever
538825,03484.*A,Sarasota/Bradenton Intl,Florida,Sarasota/Bradenton,27.395444444444443,-82.55438888888888,Small
544670,03314.*A,The Florida Keys Marathon Intl,Florida,Marathon,24.72619444444444,-81.0513611111111,Reliever
559125,03642.*A,Cobb County Intl-Mccollum Fld,Georgia,Atlanta,34.01316666666666,-84.59702777777777,Reliever
559876,03728.*A,Columbus,Georgia,Columbus,32.516333333333336,-84.93886111111111,Non-Hub
560617,03641.*A,Covington Muni,Georgia,Atlanta,33.632247222222226,-83.84661944444444,Reliever
563281,03643.*A,Dekalb-Peachtree,Georgia,Atlanta,33.87600277777778,-84.30203055555555,Reliever
564107,03760.*A,Douglas Muni,Georgia,Douglas,31.47673888888889,-82.86056666666666,Reliever
566937,03639.*A,Fulton County Exec/Charlie Brown Fld,Georgia,Atlanta,33.779127777777774,-84.52136666666667,Reliever
573818,03805.*A,Lee Gilmer Meml,Georgia,Gainesville,34.27262777777778,-83.830225,Reliever
580832,03992.*A,Savannah/Hilton Head Intl,Georgia,Savannah,32.127583333333334,-81.2021388888889,Small
590080,05829.*A,Ames Muni,Iowa,Ames,41.992044444444446,-93.62181944444444,Reliever
591731,05839.5*A,Audubon County,Iowa,Audubon,41.701527777777784,-94.92044444444446,Reliever
601294,06022.11*A,Grinnell Rgnl,Iowa,Grinnell,41.70988888888889,-92.73597222222223,Reliever
602315,06039.1*A,Hampton Muni,Iowa,Hampton,42.72369444444445,-93.22633333333333,Reliever
602879,06057.1*A,Humboldt Muni,Iowa,Humboldt,42.734861111111115,-94.24547222222222,Reliever
603521,06070.*A,Iowa City Muni,Iowa,Iowa City,41.63977777777778,-91.54813888888889,Reliever
604140,06147.1*A,James G Whiting Meml Fld,Iowa,Mapleton,42.17829444444444,-95.79364444444444,Reliever
606163,06089.*A,Lamoni Muni,Iowa,Lamoni,40.63333333333333,-93.90216944444445,Reliever
615168,05903.*A,Schenck Fld,Iowa,Clarinda,40.72219444444445,-95.02661111111111,Reliever
622103,04206.*A,Friedman Meml,Idaho,Hailey,43.50378055555556,-114.29555833333333,Non-Hub
623413,04224.1*A,Shoshone County,Idaho,Kellogg,47.54726111111111,-116.1890638888889,Reliever
625456,04427.*A,Benton Muni,Illinois,Benton,38.0085,-88.93444444444445,Reliever
626200,04444.*A,Bolingbrook'S Clow Intl,Illinois,Bolingbrook,41.69591666666666,-88.1295,Reliever
629699,04508.1*A,Chicago Exec,Illinois,Chicago/Prospect Heights/Wheeling,42.11427777777778,-87.90152777777779,Reliever
630216,04507.*A,Chicago Midway Intl,Illinois,Chicago,41.78597222222222,-87.75241666666666,Large
633448,04567.*A,De Kalb Taylor Muni,Illinois,De Kalb,41.93383333333333,-88.70568611111112,Reliever
636716,04650.1*A,Flora Muni,Illinois,Flora,38.664988888888885,-88.45311111111111,Reliever
637725,04938.*A,General Downing - Peoria Intl,Illinois,Peoria,40.66419444444444,-89.69325,Non-Hub
643063,04767.*A,Joliet Rgnl,Illinois,Joliet,41.51765833333333,-88.17552500000001,Reliever
645905,04824.*A,Litchfield Muni,Illinois,Litchfield,39.1625,-89.6746388888889,Reliever
649032,04870.*A,Monmouth Muni,Illinois,Monmouth,40.92970555555555,-90.63110833333333,Reliever
664136,04503.*A,Waukegan Ntl,Illinois,Chicago/Waukegan,42.42214722222222,-87.86791666666666,Reliever
665731,05388.11*A,Clark Rgnl,Indiana,Jeffersonville,38.366619444444446,-85.73814444444444,Reliever
674073,05375.*A,Indianapolis Intl,Indiana,Indianapolis,39.717305555555555,-86.29463888888888,Medium
684471,05281.*A,Smith Fld,Indiana,Fort Wayne,41.14336111111111,-85.15277777777779,Reliever
687567,05738.*A,Warsaw Muni,Indiana,Warsaw,41.27469444444444,-85.84008333333333,Reliever
693297,06811.*A,Johnson County Exec,Kansas,Olathe,38.84760277777778,-94.73758611111111,Reliever
693812,06721.*A,Lawrence Muni,Kansas,Lawrence,39.01111111111111,-95.21647222222222,Reliever
699541,06948.51*A,Trego Wakeeney,Kansas,Wakeeney,39.00652777777778,-99.89294444444445,Reliever
701091,07055.*A,Bowling Green-Warren County Rgnl,Kentucky,Bowling Green,36.96452777777778,-86.41966666666667,Reliever
707782,07425.*A,"Baton Rouge Metro, Ryan Fld",Louisiana,Baton Rouge,30.532916666666665,-91.1498888888889,Non-Hub
710227,07589.*A,Lafayette Rgnl/Paul Fournet Fld,Louisiana,Lafayette,30.205027777777776,-91.98775,Non-Hub
710751,07675.*A,Louis Armstrong New Orleans Intl,Louisiana,New Orleans,29.993277777777777,-90.25902777777777,Medium
713083,07796.*A,Winnsboro Muni,Louisiana,Winnsboro,32.15300555555555,-91.69855555555556,Reliever
713491,08995.*A,Cape Cod Gateway,Massachusetts,Hyannis,41.669333333333334,-70.2803611111111,Non-Hub
714532,08750.*A,Laurence G Hanscom Fld,Massachusetts,Bedford,42.469944444444444,-71.289,Non-Hub
714569,09011.*A,Lawrence Muni,Massachusetts,Lawrence,42.71704166666667,-71.12353333333333,Reliever
715444,09112.*A,New Bedford Rgnl,Massachusetts,New Bedford,41.676566666666666,-70.95783611111112,Reliever
715550,09180.*A,Norwood Meml,Massachusetts,Norwood,42.190527777777774,-71.17294444444445,Reliever
718818,08525.*A,Easton/Newnam Fld,Maryland,Easton,38.80416666666667,-76.069,Reliever
720460,08559.*A,Montgomery County Airpark,Maryland,Gaithersburg,39.16833333333333,-77.16600000000001,Reliever
721470,08551.*A,Tipton,Maryland,Fort Meade(Odenton),39.08538611111111,-76.75941388888889,Reliever
721798,07819.*A,Augusta State,Maine,Augusta,44.32065,-69.79731944444444,Reliever
721967,07840.*A,Bethel Rgnl,Maine,Bethel,44.42516666666666,-70.80991666666667,Reliever
721994,07849.*A,Biddeford Muni,Maine,Biddeford,43.464111111111116,-70.47238888888889,Reliever
722866,08050.*A,Newton Fld,Maine,Jackman,45.63275277777778,-70.24879166666666,Reliever
724468,09524.*A,Ann Arbor Muni,Michigan,Ann Arbor,42.22292777777778,-83.74570833333334,Reliever
728887,10228.*A,Canton-Plymouth-Mettetal,Michigan,Plymouth,42.34780555555556,-83.45633333333333,Reliever
732255,09725.*A,Coleman A Young Muni,Michigan,Detroit,42.409327777777776,-83.010175,Reliever
736492,09657.*A,Fitch H Beach,Michigan,Charlotte,42.574088888888895,-84.81209722222222,Reliever
738163,09834.*A,Gaylord Rgnl,Michigan,Gaylord,45.01302777777778,-84.70344444444444,Reliever
740339,09847.*A,Grand Haven Meml Airpark,Michigan,Grand Haven,43.034055555555554,-86.19816666666667,Reliever
744998,10092.*A,Jack Barstow,Michigan,Midland,43.66291666666667,-84.26130555555555,Reliever
745397,09977.*A,Jackson County-Reynolds Fld,Michigan,Jackson,42.260444444444445,-84.46213888888889,Reliever
751681,10034.*A,Mason County,Michigan,Ludington,43.96252777777778,-86.40791666666668,Reliever
755849,10382.2*A,Oakland/Troy,Michigan,Troy,42.542944444444444,-83.17788888888889,Reliever
767575,09614.*A,Wexford County,Michigan,Cadillac,44.275333333333336,-85.41891666666668,Reliever
770332,10509.*A,Albert Lea Muni,Minnesota,Albert Lea,43.68131388888889,-93.36814722222222,Reliever
775946,10605.*A,Buffalo Muni,Minnesota,Buffalo,45.158833333333334,-93.84330555555555,Reliever
777505,10512.*A,Chandler Fld,Minnesota,Alexandria,45.866305555555556,-95.39466666666668,Reliever
782528,10653.*A,Duluth Intl,Minnesota,Duluth,46.84206944444445,-92.19323611111112,Non-Hub
783081,10665.*A,Elbow Lake Muni - Pride Of The Prairie,Minnesota,Elbow Lake,45.98616666666667,-95.98575,Reliever
794548,10736.*A,Hector Muni,Minnesota,Hector,44.73116666666667,-94.71373611111112,Reliever
796062,10746.2*A,Hutchinson Muni-Butler Fld,Minnesota,Hutchinson,44.85988888888889,-94.3825,Reliever
803186,10824.*A,Minneapolis-St Paul Intl/Wold-Chamberlain,Minnesota,Minneapolis,44.881972222222224,-93.22177777777777,Large
807405,10615.2*A,Myers Fld,Minnesota,Canby,44.7295,-96.26602777777778,Reliever
809594,10885.*A,Ortonville Muni-Martinson Fld,Minnesota,Ortonville,45.30413055555555,-96.42460833333334,Reliever
812040,10899.*A,Paynesville Muni,Minnesota,Paynesville,45.37206388888889,-94.744725,Reliever
816705,10938.*A,Redwood Falls Muni,Minnesota,Redwood Falls,44.54688888888889,-95.082,Reliever
835460,11098.*A,Winona Muni-Max Conrad Fld,Minnesota,Winona,44.07961111111111,-91.71163055555556,Reliever
836472,11098.2*A,Winsted Muni,Minnesota,Winsted,44.94996388888889,-94.06691666666666,Reliever
846334,11816.6*A,Kansas City Intl,Missouri,Kansas City,39.29761111111111,-94.71388888888889,Medium
848782,11884.*A,Macon-Fower Meml,Missouri,Macon,39.72980555555556,-92.45672222222223,Reliever
856362,12077.*A,St Louis Lambert Intl,Missouri,St Louis,38.748697222222226,-90.37002777777776,Medium
856708,12151.01*A,Sullivan Rgnl,Missouri,Sullivan,38.233472222222225,-91.16427777777778,Reliever
856901,12160.1*A,Trenton Muni,Missouri,Trenton,40.08352777777778,-93.59063888888889,Reliever
860110,11444.*A,George M Bryan,Mississippi,Starkville,33.43311111111111,-88.84861111111111,Reliever
861582,11270.*A,Houston Muni,Mississippi,Houston,33.886494444444445,-89.022975,Reliever
867534,12417.*A,Kalispell City,Montana,Kalispell,48.17856944444444,-114.30374166666667,Reliever
875394,17205.1*A,Columbus County Muni,North Carolina,Whiteville,34.27286111111111,-78.715,Reliever
876137,16650.*A,Currituck County Rgnl,North Carolina,Currituck,36.39994444444444,-76.01544444444444,Reliever
890975,16761.*A,Pitt-Greenville,North Carolina,Greenville,35.63569444444445,-77.38408333333334,Non-Hub
895941,17220.*A,Smith Reynolds,North Carolina,Winston Salem,36.13371388888889,-80.22198888888889,Reliever
900934,17285.*A,Cavalier Muni,North Dakota,Cavalier,48.783722222222224,-97.63197222222222,Reliever
901490,17337.2*A,Garrison Muni,North Dakota,Garrison,47.65604444444444,-101.43680277777779,Reliever
907303,12693.*A,Creighton Muni,Nebraska,Creighton,42.47127777777778,-97.88475000000001,Reliever
909324,12748.*A,Grant Muni,Nebraska,Grant,40.87066388888889,-101.73388055555556,Reliever
910605,12794.*A,Lincoln,Nebraska,Lincoln,40.85088888888889,-96.75911111111111,Non-Hub
911252,12960.*A,Miller Fld,Nebraska,Valentine,42.85669444444444,-100.54897222222222,Reliever
912260,12817.*A,Pioneer Village Fld,Nebraska,Minden,40.514916666666664,-98.9456388888889,Reliever
915363,13218.*A,Claremont Muni,New Hampshire,Claremont,43.37050555555555,-72.36820833333333,Reliever
916636,13890.*A,Lakewood,New Jersey,Lakewood,40.06688888888889,-74.17755555555556,Reliever
917272,14052.*A,Newark Liberty Intl,New Jersey,Newark,40.692480555555555,-74.16868611111111,Large
918504,14532.*A,Albuquerque Intl Sunport,New Mexico,Albuquerque,35.03893055555555,-106.6082611111111,Medium
923264,14733.4*A,Santa Rosa Route 66,New Mexico,Santa Rosa,34.935672222222216,-104.6425638888889,Reliever
925125,13048.*A,Elko Rgnl,Nevada,Elko,40.825,-115.79133333333333,Non-Hub
925707,13072.*A,Hawthorne Industrial,Nevada,Hawthorne,38.54507777777778,-118.63240277777777,Reliever
925996,13079.25*A,Jackpot/Hayden Fld,Nevada,Jackpot,41.97583055555556,-114.65801666666667,Reliever
926233,13108.*A,Lincoln County,Nevada,Panaca,37.787416666666665,-114.41988888888889,Reliever
932083,15100.01*A,Corning-Painted Post,New York,Corning,42.180099999999996,-77.12170277777777,Reliever
940191,15783.*A,Long Island Mac Arthur,New York,New York,40.79613611111111,-73.10066388888889,Small
947590,16269.*A,Syracuse Hancock Intl,New York,Syracuse,43.11119444444444,-76.10630555555555,Small
954721,17757.*A,Burke Lakefront,Ohio,Cleveland,41.51786111111111,-81.68263888888889,Reliever
955640,17668.2*A,Cambridge Muni,Ohio,Cambridge,39.97502777777778,-81.57758333333332,Reliever
956004,17695.*A,Carroll County-Tolson,Ohio,Carrollton,40.56166666666666,-81.07808333333332,Reliever
957692,17746.*A,Cleveland-Hopkins Intl,Ohio,Cleveland,41.40940555555555,-81.85469166666667,Medium
967261,18603.*A,Grimes Fld,Ohio,Urbana,40.13237222222222,-83.7540638888889,Reliever
976915,18157.*A,Mansfield Lahm Rgnl,Ohio,Mansfield,40.82141666666667,-82.51663888888889,Reliever
991882,18609.*A,Van Wert County,Ohio,Van Wert,40.86383055555556,-84.60635833333333,Reliever
995539,18753.*A,Youngstown-Warren Rgnl,Ohio,Youngstown/Warren,41.261583333333334,-80.68036111111111,Reliever
996801,18771.*A,Ada Rgnl,Oklahoma,Ada,34.80426111111111,-96.6712,Reliever
1003457,18855.*A,Chandler Rgnl,Oklahoma,Chandler,35.72408333333333,-96.82027777777778,Reliever
1006028,18876.11*A,Cleveland Muni,Oklahoma,Cleveland,36.284166666666664,-96.46333333333334,Reliever
1008447,18978.32*A,David Jay Perry,Oklahoma,Goldsby,35.15506666666666,-97.47039444444445,Reliever
1013962,18989.*A,Guthrie-Edmond Rgnl,Oklahoma,Guthrie,35.85152222222222,-97.41617777777779,Reliever
1022224,19080.*A,Mc Alester Rgnl,Oklahoma,Mc Alester,34.88238888888889,-95.78347222222222,Reliever
1026388,19143.*A,Okmulgee Rgnl,Oklahoma,Okmulgee,35.66811111111111,-95.94852777777778,Reliever
1028154,19166.*A,Ponca City Rgnl,Oklahoma,Ponca City,36.73191666666667,-97.09977777777777,Reliever
1030759,19199.2*A,Sallisaw Muni,Oklahoma,Sallisaw,35.43825,-94.80291666666666,Reliever
1036293,19253.1*A,Tahlequah Muni,Oklahoma,Tahlequah,35.930277777777775,-95.00452777777778,Reliever
1037723,19307.2*A,Thomas P Stafford,Oklahoma,Weatherford,35.54580555555555,-98.66850000000001,Reliever
1038830,19283.*A,Tulsa Intl,Oklahoma,Tulsa,36.198388888888886,-95.88811111111112,Small
1039146,19122.*A,University Of Oklahoma Westheimer,Oklahoma,Norman,35.245555555555555,-97.47213888888889,Reliever
1039735,19289.2*A,Vinita Muni,Oklahoma,Vinita,36.61461666666667,-95.15169444444444,Reliever
1040428,19295.11*A,Walters Muni,Oklahoma,Walters,34.37258333333333,-98.40588611111112,Reliever
1043383,19136.*A,Will Rogers World,Oklahoma,Oklahoma City,35.393074999999996,-97.60076111111111,Small
1043870,19345.*A,Albany Muni,Oregon,Albany,44.637816666666666,-123.05945,Reliever
1044129,19352.1*A,Ashland Muni-Sumner Parker Fld,Oregon,Ashland,42.19027777777777,-122.6606388888889,Reliever
1046636,19403.*A,Chiloquin State,Oregon,Chiloquin,42.57931944444445,-121.87901388888888,Reliever
1048019,19411.1*A,Cottage Grove State,Oregon,Cottage Grove,43.804069444444444,-123.03211666666667,Reliever
1053776,19595.*A,Mcnary Fld,Oregon,Salem,44.909527777777775,-123.0025,Reliever
1055111,19571.5*A,Portland-Hillsboro,Oregon,Portland,45.54212222222222,-122.95072222222223,Reliever
1055874,19572.*A,Portland-Troutdale,Oregon,Portland,45.54936111111111,-122.40125,Reliever
1056674,19514.*A,Rogue Valley Intl - Medford,Oregon,Medford,42.37496388888889,-122.87328888888888,Small
1056824,19589.*A,Roseburg Rgnl,Oregon,Roseburg,43.239336111111115,-123.35584999999999,Reliever
1063375,20069.11*A,Clarion County,Pennsylvania,Clarion,41.224944444444446,-79.44216666666667,Reliever
1067846,20480.2*A,Grove City,Pennsylvania,Grove City,41.146027777777775,-80.16775,Reliever
1068087,20503.*A,Harrisburg Intl,Pennsylvania,Harrisburg,40.193191666666664,-76.76261944444444,Small
1070364,20126.*A,Joseph A Hardy Connellsville,Pennsylvania,Connellsville,39.95905555555556,-79.65741666666668,Reliever
1071188,19673.*A,Lehigh Valley Intl,Pennsylvania,Allentown,40.652363888888885,-75.44040555555556,Non-Hub
1075300,21252.*A,Pittsburgh Intl,Pennsylvania,Pittsburgh,40.491416666666666,-80.23269444444445,Medium
1083881,21979.1*A,Newport State,Rhode Island,Newport,41.53243888888889,-71.28154444444445,Reliever
1083989,22024.*A,Theodore Francis Green State,Rhode Island,Providence,41.72233333333334,-71.42772222222223,Small
1085989,22209.*A,Columbia Metro,South Carolina,Columbia,33.93883888888889,-81.1195361111111,Small
1087657,22309.*A,Greenville Downtown,South Carolina,Greenville,34.847944444444444,-82.35,Reliever
1088502,22210.*A,Jim Hamilton L B Owens,South Carolina,Columbia,33.97047222222223,-80.99525,Reliever
1093678,22603.*A,Aberdeen Rgnl,South Dakota,Aberdeen,45.446797222222216,-98.42244166666667,Non-Hub
1095393,22675.1*A,Faulkton Muni,South Dakota,Faulkton,45.03067222222222,-99.11287222222222,Reliever
1099750,22817.*A,Wall Muni,South Dakota,Wall,43.99922222222222,-102.2535,Reliever
1109492,23055.*A,Lebanon Muni,Tennessee,Lebanon,36.19041111111111,-86.31569166666667,Reliever
1110090,22899.*A,Lovell Fld,Tennessee,Chattanooga,35.03519444444444,-85.20355555555555,Small
1112189,23097.*A,Memphis Intl,Tennessee,Memphis,35.04241111111111,-89.97668055555556,Small
1113743,23121.*A,Nashville Intl,Tennessee,Nashville,36.124475000000004,-86.67818055555556,Medium
1114197,22905.*A,Outlaw Fld,Tennessee,Clarksville,36.62186111111111,-87.41494444444444,Reliever
1121385,23307.*A,Alpine-Casparis Muni,Texas,Alpine,30.38422222222222,-103.68358333333333,Reliever
1141741,23522.2*A,Burnet Muni Kate Craddock Fld,Texas,Burnet,30.73892777777778,-98.23861111111111,Reliever
1162228,24072.1*A,Conroe-North Houston Rgnl,Texas,Houston,30.353394444444447,-95.41508333333334,Reliever
1173230,23713.*A,Dallas Love Fld,Texas,Dallas,32.84594444444445,-96.85087777777777,Medium
1194769,23895.11*A,Fort Worth Spinks,Texas,Fort Worth,32.56513333333333,-97.30843888888889,Reliever
1208947,23965.1*A,Granbury Rgnl,Texas,Granbury,32.44441666666666,-97.81694444444445,Reliever
1230379,23454.*A,Jones Fld,Texas,Bonham,33.61309166666667,-96.179325,Reliever
1231202,24149.11*A,Kenedy Rgnl,Texas,Kenedy,28.824986111111112,-97.86556944444443,Reliever
1235022,24135.*A,Kimble County,Texas,Junction,30.511111111111113,-99.7628888888889,Reliever
1242025,24194.*A,Laredo Intl,Texas,Laredo,27.544194444444447,-99.46158333333334,Non-Hub
1258647,23710.38*A,Mckinney Ntl,Texas,Dallas,33.17706666666666,-96.58876666666666,Reliever
1301263,24163.*A,Skylark Fld,Texas,Killeen,31.085833333333333,-97.68650000000001,Reliever
1309859,24067.61*A,Sugar Land Rgnl,Texas,Houston,29.622247222222224,-95.65653333333334,Reliever
1311191,24889.*A,Taylor Muni,Texas,Taylor,30.57263888888889,-97.44319444444444,Reliever
1319984,24976.*A,Waco Rgnl,Texas,Waco,31.612194444444444,-97.23030555555556,Non-Hub
1327956,25117.*A,Cedar City Rgnl,Utah,Cedar City,37.700969444444446,-113.09885,Non-Hub
1331396,25289.*A,Salt Lake City Intl,Utah,Salt Lake City,40.78839444444444,-111.97777222222223,Large
1331566,25287.*A,South Valley Rgnl,Utah,Salt Lake City,40.61955555555556,-111.99288888888888,Reliever
1332097,25324.*A,Vernal Rgnl,Utah,Vernal,40.436077777777776,-109.51142222222222,Non-Hub
1338565,25863.*A,Lynchburg Rgnl/Preston Glenn Fld,Virginia,Lynchburg,37.325388888888895,-79.20122222222223,Non-Hub
1341490,25977.*A,Richmond Intl,Virginia,Richmond,37.505180555555555,-77.31973888888888,Small
1341837,25986.*A,Roanoke-Blacksburg Rgnl/Woodrum Fld,Virginia,Roanoke,37.325472222222224,-79.97541666666667,Non-Hub
1345772,25348.*A,Edward F Knapp State,Vermont,Barre/Montpelier,44.20348888888889,-72.56209722222222,Reliever
1345903,25496.1*A,Morrisville-Stowe State,Vermont,Morrisville,44.53436111111111,-72.61399999999999,Reliever
1349739,26144.*A,Chehalis-Centralia,Washington,Chehalis,46.677027777777774,-122.98275,Reliever
1350058,26159.*A,Cle Elum Muni,Washington,Cle Elum,47.19424166666666,-120.88403611111112,Reliever
1352321,26417.*A,Felts Fld,Washington,Spokane,47.682941666666665,-117.322425,Reliever
1358617,26444.*A,Pearson Fld,Washington,Vancouver,45.62045277777778,-122.6564888888889,Reliever
1359743,26369.*A,Prosser,Washington,Prosser,46.21336111111111,-119.79555555555555,Reliever
1360147,26372.*A,Pullman/Moscow Rgnl,Washington,Pullman/Moscow,46.74169166666667,-117.11161944444444,Non-Hub
1360954,26381.*A,Renton Muni,Washington,Renton,47.49313888888889,-122.21575,Reliever
1361227,26386.1*A,Richland,Washington,Richland,46.305638888888886,-119.30418888888889,Reliever
1362474,26395.*A,Seattle-Tacoma Intl,Washington,Seattle,47.449888888888886,-122.31177777777778,Large
1362798,26125.1*A,Skagit Rgnl,Washington,Burlington/Mount Vernon,48.470525,-122.4216888888889,Reliever
1374172,27346.*A,Dane County Rgnl-Truax Fld,Wisconsin,Madison,43.13987777777778,-89.33750555555555,Small
1375270,27166.*A,Eagle River Union,Wisconsin,Eagle River,45.93233333333333,-89.26827777777778,Reliever
1375822,27168.1*A,East Troy Muni,Wisconsin,East Troy,42.79716666666666,-88.3726111111111,Reliever
1382573,27465.*A,L O Simenstad Muni,Wisconsin,Osceola,45.30934444444444,-92.69012222222223,Reliever
1384504,27356.*A,Marshfield Muni,Wisconsin,Marshfield,44.63688055555556,-90.18932777777778,Reliever
1385226,27373.*A,Menomonie Muni-Score Fld,Wisconsin,Menomonie,44.89233333333333,-91.86780555555555,Reliever
1390148,27505.*A,Prairie Du Chien Muni,Wisconsin,Prairie Du Chien,43.01928611111111,-91.12373333333332,Reliever
1391002,27518.*A,Reedsburg Muni,Wisconsin,Reedsburg,43.5259,-89.98322222222222,Reliever
1399724,27667.*A,Wausau Downtown,Wisconsin,Wausau,44.92628333333333,-89.62700277777778,Reliever
1400589,27682.*A,West Bend Muni,Wisconsin,West Bend,43.42216666666666,-88.12791666666666,Reliever
1401599,26627.*A,Elkins-Randolph County-Jennings Randolph Fld,West Virginia,Elkins,38.88944444444444,-79.85713888888888,Reliever
1402266,26768.*A,Morgantown Muni-Walter L Bill Hart Fld,West Virginia,Morgantown,39.643594444444446,-79.91754722222223,Reliever
1403022,27759.*A,Cheyenne Rgnl/Jerry Olson Fld,Wyoming,Cheyenne,41.15563888888889,-104.81047222222222,Reliever
